english,spanish
you,usted
i,yo
the,la
to,a
a,a
it,eso
and,y
that,eso
of,de
is,es
in,en
what,qué
we,nosotros
me,a mí
this,esto
he,él
for,por
my,mi
on,en
have,tener
your,su
do,hacer
no,no
was,estaba
not,no
are,están
don,don
be,ser
know,saber
can,puede
with,con
but,pero
all,todas
so,asi que
just,justo
here,aquí
there,allá
they,ellos
like,como
get,conseguir
she,ella
go,Vamos
if,si
right,derecho
out,afuera
about,acerca de
up,hasta
him,a él
at,a
now,ahora
one,uno
come,venir
oh,Oh
her,su
how,cómo
well,bien
will,voluntad
want,desear
got,tiene
yeah,sí
think,pensar
see,ver
as,como
who,quién
good,bueno
why,por qué
did,hizo
let,dejar
from,de
his,su
yes,si
when,cuándo
going,yendo
l,l
an,un
time,hora
back,espalda
okay,okey
look,Mira
us,nosotros
where,donde
them,ellos
take,llevar
would,haría
were,fueron
then,después
or,o
had,tenía
been,estado
tell,contar
our,nuestro
man,hombre
some,alguno
say,decir
really,De Verdad
gonna,ir a
hey,Oye
could,podría
didn,no
by,por
has,posee
something,algo
too,también
need,necesitar
more,más
way,manera
down,abajo
make,hacer
never,Nunca
very,muy
only,solo
over,sobre
people,gente
because,porque
little,pequeña
please,por favor
love,amar
give,dar
should,debería
sorry,lo siento
said,dicho
mean,significar
off,apagado
am,soy
any,alguna
two,dos
thank,agradecer
even,incluso
much,mucho
doing,haciendo
sure,Por supuesto
thing,cosa
these,estas
help,ayudar
first,primero
into,en
anything,cualquier cosa
still,todavía
sir,señor
life,la vida
nothing,nada
find,encontrar
god,dios
day,día
work,trabaja
again,otra vez
must,debe
their,su
won,ganó
stop,parada
maybe,quizás
call,llamada
wait,Espere
before,antes de
other,otro
away,fuera
talk,hablar
after,después
night,noche
home,casa
uh,oh
than,que
thought,pensamiento
put,poner
great,Excelente
last,ultimo
those,aquellos
better,mejor
everything,todo
told,dicho
new,nuevo
always,siempre
things,cosas
long,largo
keep,mantener
leave,vete
years,años
money,dinero
does,lo hace
doesn,no
around,alrededor
name,nombre
father,padre
guy,chico
place,lugar
feel,sentir
ever,siempre
guys,tipo
old,antiguo
made,hecho
isn,no
big,grande
which,cual
nice,bonito
girl,chica
hello,Hola
believe,creer
done,hecho
ok,OK
lot,lote
fine,bien
someone,alguien
thanks,Gracias
house,casa
wanted,querido
coming,viniendo
kind,amable
every,todos
stay,Quédate
left,izquierda
mother,madre
through,mediante
being,ser
enough,suficiente
may,puede
course,curso
dad,papá
happened,sucedió
wrong,equivocado
listen,escucha
bad,malo
came,vino
understand,comprender
three,Tres
today,hoy
world,mundo
another,otro
hear,oír
remember,recordar
might,podría
ask,pedir
own,propio
same,mismo
kill,matar
show,mostrar
else,más
talking,hablando
found,encontrado
care,cuidado
son,hijo
car,auto
next,próximo
getting,conseguir
try,intentar
looking,buscando
woman,mujer
dead,muerto
hi,hola
went,fue
many,muchos
friend,amigo
mind,mente
hell,infierno
wasn,no era
mom,mamá
boy,chico
best,mejor
yourself,usted mismo
morning,Mañana
together,juntos
saw,Vio
trying,difícil
job,trabajo
without,sin que
real,verdadero
baby,bebé
family,familia
room,habitación
move,moverse
already,ya
wouldn,lo haría
live,En Vivo
seen,visto
miss,pierda
most,mayoría
shit,mierda
actually,Realmente
once,una vez
heard,oyó
brother,hermano
head,cabeza
ready,Listo
happy,feliz
huh,¿eh?
hold,mantener
such,semejante
called,llamó
both,ambas cosas
used,usó
knew,supo
men,hombres
haven,refugio
idea,idea
wife,esposa
yet,todavía
took,tomó
fuck,Mierda
also,además
pretty,bastante
days,dias
since,ya que
while,tiempo
whole,entero
tomorrow,mañana
start,comienzo
use,utilizar
door,puerta
bit,un poco
matter,importar
bring,traer
meet,encontrarse
tonight,esta noche
guess,adivinar
run,correr
alone,solo
everyone,todo el mundo
school,escuela
gone,ido
hard,duro
myself,yo mismo
wanna,querer
play,tocar
problem,problema
end,fin
saying,dicho
open,abierto
couldn,se puede
friends,amigos
fucking,maldito
01/0/1,01/01/1
killed,delicado
looks,aspecto
few,pocos
gotta,tengo que
ah,ahorcado
anyone,cualquiera
phone,teléfono
hope,esperanza
lost,perdió
excuse,disculpar
face,rostro
um,um
until,Hasta que
die,morir
turn,giro
police,policía
heart,corazón
wants,quiere
says,dice
TRUE,CIERTO
worry,preocuparse
soon,pronto
business,negocio
case,caso
later,luego
each,cada
watch,mirar
year,año
hand,mano
having,teniendo
beautiful,hermosa
doctor,médico
eat,come
sit,sentar
probably,probablemente
thinking,pensando
late,tarde
forget,olvidar
young,joven
second,segundo
kids,niños
kid,niño
pay,pagar
crazy,loco
water,agua
death,muerte
working,laboral
under,por debajo
stuff,cosas
minute,minuto
part,parte
person,persona
everybody,todos
damn,maldita sea
drink,bebida
gave,dio
change,cambio
exactly,exactamente
happen,suceder
shut,cerrar
five,cinco
knows,saber
eyes,ojos
hit,pegar
far,lejos
aren,no sean
easy,fácil
whatever,lo que sea
its,su
hands,las manos
taking,tomando
times,veces
check,controlar
minutes,minutos
music,música
inside,en el interior
sleep,dormir
means,significa
somebody,alguien
mine,mía
deal,negociar
different,diferente
asked,preguntó
makes,marcas
point,punto
afraid,atemorizado
body,cuerpo
anyway,de todos modos
dear,Estimado
four,cuatro
shall,deberá
ain,ain
chance,oportunidad
close,cerca
making,haciendo
waiting,esperando
party,fiesta
daughter,hija
comes,llega
word,palabra
against,contra
fun,divertida
number,número
married,casado
hurt,daño
story,historia
set,colocar
wish,desear
least,menos
quite,bastante
important,importante
girls,muchachas
husband,esposo
fire,fuego
nobody,nadie
fight,pelear
children,niños
rest,descanso
moment,momento
week,semana
read,leer
stand,estar de pie
game,juego
cut,Corte
sister,hermana
speak,hablar
child,niño
side,lado
women,mujeres
supposed,supuesto
started,comenzó
between,Entre
hours,horas
goes,va
blood,sangre
though,aunque
truth,verdad
lady,dama
anymore,más
behind,detrás
almost,casi
shot,Disparo
gets,obtiene
war,guerra
break,descanso
walk,caminar
yours,tuyo
able,capaz
reason,razón
trouble,problema
met,reunió
city,ciudad
town,ciudad
trust,confianza
mr,Srs
brought,trajo
died,murió
question,pregunta
buy,comprar
office,oficina
half,mitad
bye,adiós
high,alto
free,gratis
s,s
welcome,bienvenidos
couple,Pareja
either,cualquiera
hurry,apuro
telling,narración
stupid,tonto
honey,miel
power,poder
wow,guau
tried,intentado
bed,cama
front,parte delantera
cool,frio
answer,respuesta
playing,jugando
seems,parece
boys,Niños
send,enviar
gun,pistola
line,línea
team,equipo
news,Noticias
months,meses
captain,capitán
save,salvar
full,lleno
hate,odio
sometimes,a veces
become,convertirse
whoa,whoa
lord,señor
along,a lo largo de
dog,perro
outside,afuera
food,alimento
light,ligero
order,ordenar
hot,caliente
funny,divertido
clear,claro
needs,necesidades
six,seis
country,país
alive,viva
pick,elegir
em,Em
fact,hecho
ahead,adelante
black,negro
boss,jefe
living,viviendo
lose,perder
feeling,sentimiento
leaving,dejando
cause,causa
dinner,cena
shouldn,debería
promise,promesa
king,rey
running,corriendo
plan,plan
taken,tomado
sort,clasificar
book,libro
ma,mamá
sent,enviado
anybody,cualquiera
hour,hora
white,blanco
small,pequeña
alright,está bien
sick,enfermo
parents,padres
uncle,tío
lives,vidas
safe,seguro
perfect,Perfecto
poor,pobre
ass,culo
shoot,disparo
scared,asustado
special,especial
serious,grave
himself,él mismo
red,rojo
perhaps,tal vez
touch,toque
earth,tierra
john,Juan
sounds,sonidos
company,empresa
past,pasado
cannot,no poder
possible,posible
bitch,perra
ha,decir ah
sound,sonido
sighs,suspiros
hair,cabello
human,humano
drive,manejar
luck,suerte
asking,pidiendo
top,cima
win,ganar
glad,contento
daddy,papi
control,control
o,O
cold,frío
ten,diez
air,aire
happens,ocurrir
master,Maestro
jack,Jack
till,hasta que
dance,bailar
sex,sexo
others,otros
hospital,hospital
street,calle
hang,colgar
fast,rápido
words,palabras
follow,seguir
seem,parecer
murder,asesinato
finally,finalmente
lie,mentir
dream,sueño
catch,captura
write,escribe
evening,anochecer
meeting,reunión
sweet,dulce
hmm,mmm
sense,sentido
lucky,afortunado
known,conocido
laughs,risas
jesus,Jesús
bet,apuesta
voice,voz
sign,signo
million,millón
quiet,tranquilo
felt,sintió
rather,bastante
careful,Cuidado
somewhere,algun lado
longer,más extenso
beat,derrotar
return,retorno
laughing,risa
coffee,café
date,fecha
pull,jalar
secret,secreto
calling,vocación
less,menos
t,T
looked,mirado
worked,trabajó
weeks,semanas
fault,culpa
gentlemen,caballeros
fall,caer
given,dado
seeing,viendo
song,canción
weren,weren
straight,derecho
calm,calmar
changed,cambió
mad,loco
loved,amado
takes,acepta
road,la carretera
learn,aprender
drop,soltar
wonderful,maravilloso
future,futuro
ladies,señoras
explain,explique
chuckles,risas
clean,limpio
throw,lanzar
early,temprano
yesterday,ayer
step,paso
turned,transformado
feet,pies
piece,trozo
picture,fotografía
land,tierra
quick,rápido
wonder,preguntarse
worth,valer
darling,querida
questions,preguntas
absolutely,absolutamente
president,presidente
eye,ojo
giving,donación
ooh,Oh
none,ninguno
dude,tipo
moving,Moviente
state,Expresar
ones,unos
speaking,discurso
figure,cifra
goodbye,adiós
sam,sam
strange,extraño
strong,fuerte
act,Actuar
wedding,boda
law,ley
kiss,Beso
works,obras
report,informe
tired,cansado
pain,dolor
marry,casar
pass,pasar
wake,despertar
kidding,bromear
general,general
missing,desaparecidos
ship,Embarcacion
needed,necesario
choice,elección
class,clase
weird,extraño
worried,preocupado
officer,oficial
decided,decidió
amazing,Impresionante
busy,ocupado
kept,mantuvo
worse,peor
happening,sucediendo
mistake,error
chief,jefe
ya,ya
forgive,perdonar
age,años
sell,vender
michael,Miguel
mouth,boca
caught,atrapó
finish,terminar
during,durante
clothes,ropa
ride,paseo
birthday,cumpleaños
meant,quiso decir
born,Nació
watching,mirando
building,edificio
dark,oscuro
eh,eh
system,sistema
sing,cantar
film,película
court,Corte
tv,televisión
movie,película
month,mes
wear,vestir
train,tren
lying,situado
seven,Siete
totally,totalmente
imagine,imaginar
hotel,hotel
evidence,evidencia
security,seguridad
completely,completamente
suppose,suponer
instead,en cambio
christmas,Navidad
unless,a menos que
information,información
bag,bolso
hasn,no ha
certainly,seguramente
attack,ataque
broke,en bancarrota
round,ronda
expect,suponer
near,cerca
blue,azul
terrible,horrible
thinks,pensamiento
definitely,definitivamente
forever,para siempre
frank,franco
station,estación
except,excepto
table,mesa
message,mensaje
history,historia
swear,jurar
george,Jorge
fool,engañar
talked,habló
ring,anillo
buddy,amigo
entire,entero
lovely,encantador
floor,piso
sun,sol
handle,manejar
army,ejército
david,David
d,d
joe,José
spend,gastar
charlie,charlie
across,al otro lado de
finished,acabado
marriage,casamiento
letter,carta
ran,corrió
seriously,en serio
paid,pagado
bought,compró
york,York
attention,atención
anywhere,en cualquier lugar
dangerous,peligroso
peace,paz
simple,simple
forgot,olvidó
situation,situación
middle,medio
rock,roca
test,prueba
lead,Plomo
protect,proteger
club,club
fear,miedo
fair,justo
present,regalo
idiot,estúpido
join,entrar
interesting,interesante
tom,Tomás
bill,cuenta
box,caja
sitting,sesión
short,pequeño
ball,bola
single,único
group,grupo
using,usando
enjoy,disfrutar
normal,normal
boat,bote
count,contar
bastard,bastardo
crime,delito
key,llave
force,fuerza
horse,caballo
lunch,comida
american,americano
quickly,rápidamente
paper,papel
charge,cargar
mike,Miguel
surprise,sorpresa
space,espacio
fell,cayó
honor,honor
eight,ocho
accident,accidente
wearing,vistiendo
fish,pez
bar,bar
ground,terrestre
problems,problemas
government,gobierno
miles,millas
relax,relax
crying,llorando
bank,banco
cover,cubrir
major,importante
stopped,interrumpido
interested,interesado
hide,esconder
stick,vara
sea,mar
tea,té
area,área
agree,de acuerdo
difficult,difícil
personal,personal
deep,profundo
dress,vestir
service,Servicio
certain,cierto
trip,viaje
radio,radio
blow,soplar
smart,elegante
mark,Marcos
star,estrella
record,registro
offer,oferta
america,America
prison,prisión
angry,enojado
peter,péter
soul,alma
rich,rico
list,lista
gold,oro
afternoon,tarde
whether,ya sea
y,Y
agent,agente
missed,omitido
proud,orgulloso
detective,detective
fix,arreglar
respect,el respeto
public,público
fighting,lucha
girlfriend,Novia
drunk,borracho
park,parque
killing,asesinato
saved,salvado
brain,cerebro
forward,adelante
sad,triste
cell,célula
mess,lío
standing,en pie
smell,oler
fly,volar
killer,asesino
tough,difícil
scene,escena
card,tarjeta
english,inglés
dare,atrevimiento
broken,roto
m,metro
mary,María
hungry,hambriento
church,iglesia
ice,hielo
window,ventana
paul,Pablo
share,Cuota
third,tercera
laugh,risa
calls,llamadas
often,con frecuencia
within,dentro
spent,gastado
feels,siente
lieutenant,teniente
cry,llorar
mum,mamá
visit,visitar
honest,honesto
seat,asiento
mama,mamá
teacher,profesor
relationship,relación
moved,movido
pleasure,Placer
camera,cámara
starting,a partir de
bloody,sangriento
lived,vivió
college,facultad
judge,juez
cops,policías
position,posición
sake,motivo
screaming,gritando
boyfriend,novio
wall,pared
teach,enseñar
neither,ninguno de los dos
prove,demostrar
loves,ama
besides,además
realize,darse cuenta
private,privado
ben,ben
impossible,imposible
walking,caminando
carry,llevar
accept,aceptar
especially,especialmente
liked,apreciado
french,francés
art,Arte
machine,máquina
green,verde
involved,involucrado
became,convertirse
cop,policía
la,la
mm,mm
wine,vino
apartment,Departamento
upset,disgustado
cute,lindo
village,pueblo
holy,santo
congratulations,Felicidades
jail,celda
likes,gustos
sleeping,durmiendo
joke,broma
evil,demonio
lawyer,abogado
field,campo
contact,contacto
obviously,obviamente
store,Tienda
quit,abandonar
dying,moribundo
queen,reina
shop,tienda
hundred,ciento
professor,profesor
continue,Seguir
whose,cuyo
driving,conduciendo
appreciate,valorar
madam,señora
doubt,duda
wrote,escribió
plane,avión
cash,dinero
island,isla
cat,gato
slow,lento
huge,gigante
decision,decisión
beer,cerveza
difference,diferencia
thousand,mil
beginning,comienzo
christ,Cristo
push,empujar
south,sur
gift,regalo
lt,teniente
glass,vidrio
eating,comiendo
tree,árbol
bear,soportar
stuck,atascado
colonel,coronel
rules,normas
north,norte
bus,autobús
seconds,segundos
dreams,Sueños
partner,pareja
grab,agarrar
victim,víctima
dirty,sucio
computer,computadora
truck,camión
promised,prometido
reach,llegar
upon,al
singing,cantando
board,junta
shoes,Zapatos
gives,da
staying,estancia
fat,gordo
planet,planeta
henry,Enrique
suddenly,repentinamente
mmm,mmm
putting,poniendo
search,buscar
lots,un montón
immediately,inmediatamente
wind,viento
arrest,arrestar
jump,saltar
support,apoyo
magic,magia
owe,deber
crap,tonterías
holding,tenencia
continues,continúa
usually,normalmente
kitchen,cocina
summer,verano
arms,brazos
de,Delaware
patient,paciente
aunt,tía
experience,experiencia
heaven,cielo
james,James
paris,París
grow,crecer
passed,aprobado
rid,librar
harry,Harry
river,río
everywhere,En todas partes
listening,escuchar
knock,golpear
escape,Escapar
cheers,salud
aah,aah
bother,molestar
er,jerga
address,dirección
foot,pie
yo,yo
moon,luna
turns,vueltas
mate,compañero
drinking,Bebiendo
grand,grandioso
worst,peor
match,partido
nervous,nervioso
final,final
choose,escoger
smoke,fumar
orders,pedidos
otherwise,de lo contrario
books,libros
blame,culpar
press,prensa
ls,LS
decide,decidir
drugs,drogas
hadn,haden
max,máximo
themselves,ellos mismos
smile,sonrisa
type,escribe
ow,Ay
gay,gay
picked,escogido
mission,misión
favor,favor
nick,mella
named,llamado
arrived,llegado
allowed,permitido
action,acción
c,C
duty,deber
price,precio
guard,Guardia
pictures,fotos
risk,riesgo
innocent,inocente
danny,danny
legs,piernas
notice,darse cuenta
learned,aprendió
begin,comenzar
enemy,enemigo
played,jugado
kick,patada
race,la raza
suit,traje
jimmy,palanqueta
ourselves,Nosotros mismos
allow,permitir
fit,encajar
yep,sí
director,director
shh,shh
surprised,sorprendido
pregnant,embarazada
nine,nueve
further,más
dollars,dólares
mrs,sra.
spot,Mancha
cross,cruzar
arm,brazo
upstairs,piso de arriba
herself,sí misma
steal,robar
feelings,sentimientos
brothers,hermanos
rings,anillos
chicken,pollo
names,nombramiento
grunts,gruñidos
apart,aparte
twice,dos veces
department,Departamento
according,de acuerdo a
silly,tonto
bob,Beto
hero,héroe
gas,gas
closed,cerrado
admit,admitir
destroy,destruir
sergeant,sargento
alex,Alex
guilty,culpable
low,bajo
leg,pierna
taste,gusto
waste,desperdiciar
tony,Tony
earlier,más temprano
awesome,increíble
fired,despedido
london,Londres
west,Oeste
bunch,racimo
battle,batalla
study,estudiar
bigger,más grande
mention,mencionar
writing,escribiendo
helping,Ayudar
bell,campana
ray,rayo
sold,vendido
ways,maneras
stage,etapa
written,escrito
keeping,acuerdo
hole,agujero
locked,encerrado
lock,cerrar
weapon,arma
jim,Jim
places,lugares
helped,ayudó
indeed,Por supuesto
energy,energía
treat,tratar
burn,Quemadura
stole,robó
hiding,ocultación
form,formulario
above,encima
sky,cielo
gasps,jadeo
breakfast,desayuno
band,banda
figured,figurado
seemed,pareció
empty,vacío
fresh,nuevo
prince,Príncipe
track,pista
spirit,espíritu
complete,completo
reading,lectura
nose,nariz
favorite,favorito
memory,memoria
sarah,sarah
laughter,risa
roll,rollo
witness,testigo
starts,empieza
double,doble
however,sin embargo
bathroom,baño
e,mi
build,construir
bomb,bomba
pressure,presión
flight,vuelo
interest,interés
flowers,flores
goddamn,maldito
following,siguiendo
whom,a quién
dogs,perros
steve,steve
itself,sí mismo
throat,garganta
cost,costo
danger,peligro
closer,cerca
asshole,Estúpido
neck,cuello
van,camioneta
raise,elevar
acting,interino
mommy,mamá
plans,planes
adam,Adán
shooting,tiroteo
beg,mendigar
narrator,narrador
losing,perdiendo
ridiculous,ridículo
suspect,sospechar
bottle,botella
warm,cálido
beauty,belleza
nature,naturaleza
medical,médico
apparently,aparentemente
asleep,dormido
guns,pistolas
video,video
rain,lluvia
camp,acampar
shame,verguenza
driver,conductor
keys,llaves
bird,pájaro
built,construido
crowd,multitud
extra,extra
heavy,pesado
simply,simplemente
famous,famoso
pants,pantalones
majesty,majestad
keeps,guardia
level,nivel
tommy,tommy
faith,fe
animals,animales
commander,comandante
wild,salvaje
richard,Ricardo
showed,presentado
awful,horrible
lay,poner
deserve,merecer
excellent,excelente
client,cliente
plenty,mucho
consider,considerar
excited,emocionado
engine,motor
billy,porra
pop,estallido
ringing,El sonar
animal,animal
hoping,esperando
responsible,responsable
jane,jane
wondering,preguntarse
devil,demonio
weekend,fin de semana
stone,piedra
sweetheart,cariño
large,largo
military,militar
cook,cocinero
skin,piel
knife,cuchillo
common,común
grace,gracia
papers,documentos
drug,droga
willing,dispuesto
necessary,necesario
whoever,quien
blind,ciego
flying,volador
german,alemán
beach,playa
hat,sombrero
walked,caminado
nor,ni
lights,luces
local,local
stars,estrellas
although,a pesar de
code,código
main,principal
grunting,gruñido
faster,más rápido
hall,salón
opportunity,oportunidad
bullshit,mierda
corner,esquina
fuckin,jodido
cars,coches
johnny,Johnny
agreed,acordado
cup,taza
lies,mentiras
knowing,conocimiento
justice,justicia
due,adeudado
rose,rosa
leaves,hojas
princess,princesa
folks,amigos
bottom,fondo
apologize,disculparse
ghost,fantasma
tight,ajustado
lee,sotavento
dick,polla
grandma,abuela
restaurant,restaurante
language,idioma
weapons,arma
east,este
fellow,compañero
note,Nota
leader,líder
several,varios
tells,contado
clearly,claramente
health,salud
shows,espectáculos
correct,correcto
angel,ángel
hanging,colgante
stories,cuentos
jake,jake
pulled,tirado
rule,regla
cousin,prima
advice,consejo
beyond,más allá de
held,sostuvo
hardly,difícilmente
pardon,indulto
milk,Leche
dancing,baile
groans,gimazos
gotten,recogido
spoke,habló
speed,velocidad
understood,entendí
file,expediente
tape,Cinta
practice,práctica
taught,enseñó
among,entre
murdered,asesinado
emergency,emergencia
ought,debería
somehow,de alguna manera
bridge,puente
coach,entrenador
martin,martín
inspector,inspector
minister,ministro
states,estados
applause,aplausos
possibly,posiblemente
conversation,conversacion
hearing,escuchando
national,nacional
account,cuenta
breath,aliento
shouting,gritos
crew,tripulación
lied,mintió
meat,carne
cake,pastel
strength,fortaleza
natural,natural
career,carrera
plus,más
dressed,vestido
sight,vista
vote,votar
powerful,poderoso
copy,Copiar
nonsense,disparates
student,alumno
dropped,cayó
trial,prueba
freedom,libertad
breathe,respirar
market,mercado
doc,doc
soldiers,soldados
serve,atender
photo,foto
manager,gerente
robert,Robert
eddie,eddie
towards,hacia
biggest,más grande
horrible,horrible
arrested,detenido
size,Talla
bringing,trayectoria
noticed,observó
fantastic,fantástico
papa,papá
operation,operación
greatest,mejor
nearly,por poco
chinese,chino
cheering,aplausos
checked,comprobado
trick,truco
breaking,rotura
older,mayor
sweetie,cariño
teeth,dientes
pack,paquete
monster,monstruo
ideas,ideas
center,centro
forgotten,olvidado
travel,viajar
hurts,duele
belong,pertenecer
grandpa,abuelo
target,objetivo
games,juegos
science,ciencia
planning,planificación
project,proyecto
remain,permanecer
united,unido
paying,pago
feed,alimento
numbers,números
fake,falso
chris,Chris
prepared,preparado
aw,aw
credit,crédito
suicide,suicidio
records,registros
investigation,investigación
nurse,enfermero
oil,petróleo
criminal,delincuente
soldier,soldado
recognize,reconocer
loud,alto
plays,obras de teatro
original,original
heads,cabezal
shirt,camisa
example,ejemplo
strike,Huelga
pray,orar
chair,silla
invited,invitado
fill,llenar
survive,sobrevivir
jealous,celoso
universe,universo
discuss,discutir
command,dominio
easier,más fácil
super,súper
training,capacitación
incredible,increíble
pretend,pretender
condition,condición
challenge,desafío
bobby,poli
prepare,preparar
truly,verdaderamente
balls,pelotas
roger,roger
perfectly,perfectamente
ticket,boleto
nowhere,en ningún lugar
honestly,honestamente
comfortable,cómodo
meaning,sentido
view,vista
program,programa
brown,marrón
dry,seco
wash,lavar
turning,torneado
concerned,preocupado
society,sociedad
cards,tarjetas
prefer,preferir
nuts,nueces
stolen,robado
release,lanzamiento
birth,nacimiento
onto,sobre
sunday,domingo
research,investigar
usual,habitual
guest,huésped
amy,Amy
ln,ln
ugly,feo
lift,elevar
opinion,opinión
began,comenzó
destroyed,destruido
character,personaje
mountain,montaña
heat,calor
surely,seguramente
movies,películas
ho,Ho
tie,Corbata
finding,hallazgo
sheriff,alguacil
whoo,whoo
pieces,piezas
bro,hermano
color,color
dumb,mudo
unfortunately,desafortunadamente
mister,señor
letting,dejado
ours,nuestro
charles,Charles
daniel,Daniel
n,norte
bodies,cuerpos
believed,creído
matters,asuntos
sword,espada
threw,lanzar
ended,terminado
screams,carcajadas
france,Francia
exist,existir
ryan,ryan
lab,laboratorio
bullet,bala
proof,prueba
base,base
aware,consciente
bucks,bucle
cream,crema
noise,ruido
total,total
selling,venta
kim,Kim
gang,pandilla
happiness,felicidad
afford,solventar
re,re
brilliant,brillante
joy,alegría
letters,letras
students,estudiantes
breathing,respiración
anna,Anna
female,femenino
realized,se dio cuenta
opened,abrió
draw,dibujar
aye,sí
created,creado
whenever,cuando sea
male,masculino
bite,morder
slept,durmió
shower,ducha
stayed,permaneció
social,social
create,crear
followed,seguido
ends,fines
audience,audiencia
purpose,propósito
kevin,Kevin
fate,destino
handsome,guapo
england,Inglaterra
eric,Eric
disappeared,desaparecido
lately,últimamente
weak,débil
falling,descendente
friday,viernes
suggest,sugerir
lonely,solitario
saturday,sábado
screw,tornillo
dan,dan
introduce,introducir
gentleman,Caballero
b,b
medicine,medicamento
ancient,antiguo
settle,resolver
responsibility,responsabilidad
thousands,miles
fucked,follado
birds,aves
enter,ingresar
opening,apertura
forced,forzado
ugh,puaj
brave,corajudo
split,separar
weight,peso
ordered,ordenado
unit,unidad
pig,cerdo
horses,caballos
desk,escritorio
finger,dedo
tiny,diminuto
expecting,esperanza
pool,piscina
focus,enfocar
garden,jardín
received,recibió
property,propiedad
slowly,despacio
naked,desnudo
mayor,alcalde
flat,piso
issue,asunto
brings,trayera
british,británico
pal,camarada
interview,entrevista
fan,ventilador
signal,señal
lines,líneas
brian,brio
silence,silencio
surgery,cirugía
harm,daño
sees,visión
staff,personal
al,Alabama
chef,cocinero
jeff,Jeff
insane,loco
easily,fácilmente
signed,firmado
weather,clima
distance,distancia
failed,ha fallado
san,san
add,agregar
cares,cuidados
process,proceso
season,estación
access,acceso
spanish,Español
model,modelo
spare,repuesto
recently,recientemente
discovered,descubierto
wet,mojado
ohh,oh
fingers,dedos
loose,perder
path,camino
russian,ruso
expected,esperado
member,miembro
babe,bebé
returned,devuelto
style,estilo
pete,pete
kinda,un poco
alarm,alarma
sending,enviando
based,establecido
covered,cubierto
fbi,FBI
japanese,japonés
sugar,azúcar
roof,techo
streets,calles
funeral,funeral
bright,brillante
damage,daño
jerry,alemán
stomach,estómago
bread,pan de molde
remind,recordar
lake,lago
snow,nieve
castle,castillo
speech,discurso
manage,gestionar
heading,título
ed,edición
block,bloquear
shake,sacudir
opens,abertura
buried,enterrado
dr,dr.
doors,puertas
thoughts,pensamientos
thomas,Thomas
simon,Simón
dig,cavar
kate,Kate
post,publicar
showing,demostración
drinks,bebidas
reality,realidad
soft,suave
harder,más difícil
football,fútbol americano
spread,desparramar
ill,enfermo
coat,Saco
ruined,arruinado
scott,escocés
ears,oídos
chest,tórax
andy,Andy
success,éxito
sooner,cuanto antes
madame,señora
safety,seguridad
maria,maría
permission,permiso
fancy,fantasía
spring,primavera
cos,costilla
outta,fuera
theory,teoría
gate,portón
journey,viaje
tickets,Entradas
expensive,costoso
paint,pintura
lover,amante
nope,no
dave,dave
mood,estado animico
members,miembros
storm,tormenta
page,página
hidden,oculto
cheese,queso
priest,sacerdote
regret,arrepentirse
contract,contrato
thief,ladrón
divorce,divorcio
lesson,lección
personally,personalmente
eggs,huevos
community,comunidad
subject,sujeto
rent,renta
revenge,venganza
trade,comercio
nights,noches
sudden,repentino
forest,bosque
bless,bendecir
changes,cambios
rush,correr
ate,comió
trees,árboles
santa,Papa Noel
basically,básicamente
da,cañón
details,detalles
owner,propietario
doctors,doctores
william,Guillermo
amount,Monto
barely,apenas
artist,artista
pocket,bolsillo
cancer,cáncer
pair,par
caused,causado
alan,alan
ruin,ruina
dating,Fechado
grandfather,abuelo
painting,pintura
bike,bicicleta
loss,pérdida
liar,mentiroso
goin,entra
hill,Cerro
winter,invierno
points,puntos
assistant,asistente
murderer,asesino
legal,legal
nah,na
larry,Larry
growing,creciente
tears,lágrimas
runs,carreras
lisa,lisa
buying,comprar
exciting,emocionante
farm,granja
cheap,barato
tongue,lengua
toilet,inodoro
reasons,razones
genius,genio
square,cuadrado
secretary,secretario
europe,Europa
connection,conexión
scare,susto
victims,víctimas
bones,huesos
rough,bruto
downstairs,abajo
bedroom,habitación
obvious,obvio
cases,casos
professional,profesional
university,Universidad
walter,Walter
tour,recorrido
player,jugador
silver,plata
pity,lástima
pleased,complacido
clock,reloj
memories,recuerdos
parts,partes
rachel,Rachel
grew,creció
ocean,Oceano
burning,incendio
dna,ADN
invite,invitar
foreign,extranjero
planned,planificado
ashamed,avergonzado
avoid,evitar
boring,aburrido
crash,chocar
lower,más bajo
bath,baño
romantic,romántico
repeat,repetir
fortune,fortuna
secrets,misterios
century,siglo
warning,advertencia
jason,jasón
insurance,seguro
airport,aeropuerto
complicated,Complicado
grown,crecido
suck,chupar
familiar,familiar
reached,alcanzó
rome,Roma
higher,más alto
mentioned,mencionado
gosh,Dios mio
results,resultados
filled,completado
woods,bosque
temple,templo
likely,probable
rights,derechos
younger,más joven
belongs,pertenencia
knowledge,conocimiento
map,mapa
competition,competencia
finds,hallazgos
photos,fotos
indistinct,indistinto
yelling,Gritando
defense,defensa
carefully,con cuidado
useless,inútil
guests,huéspedes
goodness,bondad
per,por
bleep,emitir pitidos
including,incluido
jobs,trabajos
china,China
event,evento
humans,humanos
glasses,lentes
annie,Annie
attacked,atacado
waited,esperado
stops,parada
period,período
shape,forma
beeping,pitido
proper,adecuado
depends,depende
telephone,teléfono
celebrate,celebrar
request,solicitud
fixed,fijado
political,político
assume,asumir
grant,conceder
affair,asunto
sexy,sexy
led,condujo
matt,mate
grave,tumba
officers,oficiales
giant,gigante
plant,planta
eventually,eventualmente
fought,luchado
hired,Contratado
site,sitio
pounds,libras
speaks,habla
delicious,delicioso
statement,declaración
millions,millones
rise,subir
jacket,chaqueta
kelly,Kelly
badly,gravemente
tall,alto
alice,Alicia
mercy,misericordia
ll,LL
whore,puta
saving,ahorro
f,F
suffer,sufrir
switch,cambiar
deliver,entregar
royal,real
meal,comida
direction,dirección
families,familias
odd,raro
walls,paredes
sexual,sexual
forces,efectivo
particular,particular
data,datos
horn,bocina
golden,dorado
chase,perseguir
powers,potestades
attorney,abogado
official,oficial
rat,rata
pizza,pizza
confused,confundido
faces,caras
positive,positivo
becomes,convertirse en
shock,conmoción
soup,sopa
emily,Emily
offered,Ofrecido
wherever,donde quiera
yourselves,ustedes mismos
courage,coraje
doin,hacer
answers,respuestas
yellow,amarillo
patients,pacientes
raised,aumentó
changing,cambiando
location,localización
jerk,idiota
chocolate,chocolate
image,imagen
regular,regular
screwed,atornillado
hunt,caza
carrying,que lleva
taxi,taxi
watched,Visto
appear,aparecer
knocking,golpes
piss,orinar
committed,comprometido
disgusting,asqueroso
clever,inteligente
wound,herida
arthur,Arturo
plate,placa
television,televisión
gods,Dioses
lips,labios
monday,lunes
picking,cosecha
freak,fenómeno
traffic,tráfico
headed,con membrete
india,India
dawn,amanecer
leo,León
poison,veneno
charges,cargos
sat,senté
kicked,golpeado
scary,de miedo
mystery,misterio
indian,indio
pure,puro
bang,golpe
disease,enfermedad
italian,italiano
march,marcha
drove,condujo
laura,Laura
role,role
shots,disparos
butt,extremo
victory,victoria
below,debajo
touched,tocado
dealing,relación comercial
trap,trampa
nation,nación
healthy,saludable
babies,bebés
shopping,compras
stood,destacado
desire,deseo
aside,aparte
midnight,medianoche
physical,físico
jury,jurado
checking,comprobación
appointment,cita
songs,canciones
awake,despierto
carl,carl
honour,honor
swim,nadar
dies,matrices
mail,correo
phil,Phil
vacation,vacaciones
tim,Tim
source,fuente
factory,fábrica
enemies,enemigos
palace,palacio
hearts,corazones
crack,grieta
talent,talento
neighborhood,vecindario
jenny,jenny
â,a
clark,aclarar
threat,amenaza
chose,elegir
ear,oído
miracle,milagro
grandmother,abuela
firm,firma
winner,ganador
ted,ted
joking,bromas
central,central
license,licencia
moves,movimientos
luke,luque
advantage,ventaja
gary,Gary
monkey,mono
smells,olores
burned,quemado
mirror,espejo
managed,administrado
bleeding,sangrado
wood,madera
dean,decano
union,Unión
christian,cristiano
beating,golpeando
rick,almiar
groaning,gimiendo
violence,violencia
claire,Claire
pills,píldoras
suffering,sufrimiento
council,Consejo
protection,proteccion
cooking,Cocinando
passing,paso
susan,Susan
prime,principal
hook,gancho
pissed,Molesto
sisters,hermanas
motherfucker,hijo de puta
concern,preocupación
laid,establecido
effect,efecto
remove,retirar
studio,estudio
terms,términos
guards,guardia
load,carga
washington,Washington
treasure,tesoro
bags,bolsas
heh,je
disappear,desaparecer
rob,robar
spell,deletrear
mountains,montañas
iron,planchar
rescue,rescate
treatment,tratamiento
desert,Desierto
capable,capaz
result,resultado
arrive,llegar
decent,decente
modern,moderno
smith,Herrero
thou,tú
piano,piano
sean,Sean
grateful,agradecido
friendship,amistad
sue,demandar
candy,caramelo
fred,Fred
bride,novia
unbelievable,increíble
available,disponible
flower,flor
extremely,extremadamente
clears,desplegable
bone,hueso
closes,cierre
becoming,convirtiéndose
refuse,negar
stronger,más fuerte
value,valor
louis,Louis
pulling,tracción
tied,atado
junior,júnior
chuck,arrojar
april,abril
stealing,robando
riding,equitación
twenty,veinte
FALSE,FALSO
remains,restos
carter,carretero
metal,metal
tip,propina
monsieur,monsieur
throwing,lanzamiento
holiday,vacaciones
smoking,de fumar
rate,índice
performance,actuación
germany,Alemania
kyle,kyle
lf,LF
fallen,caído
curious,curioso
borrow,tomar prestado
emma,Emma
governor,gobernador
someday,algún día
silent,silencio
vehicle,vehículo
toast,tostada
illegal,ilegal
loving,cariñoso
pride,orgullo
champagne,champán
former,anterior
warn,advertir
stranger,extraño
lucy,Lucy
uniform,uniforme
josh,Josh
appears,aparecer
tear,lágrima
cab,taxi
presence,presencia
panting,jadeo
fail,fallar
hundreds,cientos
properly,adecuadamente
escaped,escapado
scream,gritar
falls,caídas
woke,despertar
hunting,caza
dust,polvo
wise,inteligente
solve,resolver
desperate,desesperado
hung,colgado
edge,borde
therefore,por lo tanto
witch,bruja
mostly,principalmente
media,medios de comunicación
claim,reclamar
rice,arroz
egg,huevo
punch,puñetazo
cast,emitir
eve,víspera
intelligence,inteligencia
deeply,profundamente
rooms,habitaciones
convinced,convencido
ordinary,común
winning,victorioso
directly,directamente
cow,vaca
surface,superficie
steps,pasos
cigarette,cigarrillo
popular,popular
fourth,cuatro
hated,odiado
japan,Japón
hm,hm
destiny,destino
treated,tratado
thy,tu
signs,señales
score,puntaje
americans,estadounidenses
marks,marcas
technology,tecnología
dragon,continuar
considered,consideró
pilot,piloto
notes,notas
africa,África
brains,sesos
staring,curioso
files,archivos
receive,recibir
sin,pecado
mistakes,errores
emperor,emperador
separate,separado
released,publicado
goal,objetivo
youth,juventud
precious,precioso
cleaning,limpieza
carried,transportado
pot,maceta
houses,casas
wolf,lobo
chicago,Chicago
boom,auge
served,servido
california,California
row,fila
r,riñonal
penny,centavo
ahh,ah
section,sección
dump,vertedero
text,texto
jackson,Jackson
karen,karen
spoken,hablado
blew,sopló
prisoner,prisionero
chuckling,riéndose
issues,asuntos
zero,cero
armed,armado
wheel,rueda
lily,lirio
merry,alegre
exchange,intercambio
coast,costa
jamie,jamie
grade,calificación
talks,negociaciones
shift,turno
hank,madeja
bastards,bastardos
direct,directo
knees,rodillas
cure,curar
mustn,mustn
sacrifice,sacrificio
beast,bestia
pie,tarta
wide,ancho
convince,convencer
material,material
creature,criatura
chattering,charla
eaten,comido
engaged,comprometido
julie,julie
trace,rastro
sons,hijos
button,botón
parking,estacionamiento
darkness,oscuridad
ambulance,ambulancia
internet,Internet
range,alcance
taylor,Taylor
expert,experto
rare,extraño
freeze,congelar
sale,venta
robin,Robin
drag,arrastrar
successful,exitoso
juice,jugo
exact,exacto
tests,pruebas
solution,solución
amen,amén
tower,torre
chances,posibilidades
marty,marty
mass,masa
alien,extraterrestre
schedule,calendario
stairs,escaleras
morgan,morgan
charming,encantador
nasty,desagradable
fruit,Fruta
bored,aburrido
spy,espiar
amanda,Amanda
searching,buscando
senior,sénior
garage,garaje
defend,defender
anger,enojo
clue,clave
magazine,revista
sometime,algún tiempo
zone,zona
victor,Víctor
shoulder,hombro
reports,informes
circumstances,circunstancias
progress,Progreso
unusual,inusual
rude,brusco
snake,serpiente
bravo,Bravo
trapped,atrapado
g,gramo
chosen,elegido
effort,esfuerzo
elevator,ascensor
tires,neumáticos
helps,ayuda
sentence,frase
sucks,apesta
equipment,equipo
beloved,querido
attitude,actitud
friendly,amigable
moments,momentos
newspaper,periódico
literally,literalmente
warrant,orden
mexico,México
county,condado
joey,joey
loser,perdedor
series,serie
closing,clausura
pushed,empujado
workers,trabajadores
leads,Guías
vision,visión
helen,helen
actor,actor
negative,negativo
sharp,afilado
curse,maldición
shadow,sombra
earn,ganar
gorgeous,espléndido
fishing,pescar
spending,gasto
id,identificación
seek,buscar
passion,pasión
route,ruta
julia,Julia
reporter,reportero
leading,principal
troops,tropas
explosion,explosión
squad,equipo
kingdom,Reino
rocks,rocas
understanding,comprensión
puts,pone
screen,pantalla
collect,recopilar
fashion,Moda
wave,ola
climb,escalada
pen,lápiz
incident,incidente
jones,Jones
kinds,tipo
bull,toro
highness,Alteza
chain,cadena
hitler,hitler
clients,clientela
device,dispositivo
similar,similar
debt,deuda
connected,conectado
witnesses,testigos
customers,clientes
campaign,Campaña
maggie,maggie
thee,El e
hug,abrazo
alcohol,alcohol
hire,contratar
announcer,locutor
conference,conferencia
studying,estudiando
blows,golpes
cameras,cámaras
international,internacional
virgin,virgen
federal,federal
education,educación
hitting,golpe
fully,completamente
fed,alimentados
politics,política
rape,violación
mummy,momia
kissed,besado
border,frontera
wire,cable
prize,premio
sports,Deportes
circle,círculo
thrown,lanzado
hates,odios
object,objeto
wishes,deseos
robbery,robo
thunder,trueno
gordon,Gordon
provide,proveer
rope,cuerda
salt,sal
bay,bahía
h,H
scoffs,burla
commit,comprometerse
joined,unido
flesh,carne
writer,escritor
trash,basura
reward,premio
glory,gloria
authority,autoridad
tiger,Tigre
percent,por ciento
remembered,recordado
valley,Valle
estate,bienes
learning,aprendizaje
yard,yarda
elizabeth,Elizabeth
tank,tanque
confidence,confianza
ricky,ricky
lack,ausencia
alert,alerta
films,Película (s
facts,hechos
normally,normalmente
despite,A pesar de
wanting,falto
apple,manzana
knocked,golpeado
skills,habilidades
patrick,Patricio
marie,marie
approach,Acercarse
saint,Smo
chick,polluelo
ships,buques
services,servicios
doll,muñeca
duck,pato
stock,valores
mental,mental
library,biblioteca
failure,falla
movement,movimienot
bow,arco
stan,stan
lets,levia
tail,cola
secure,seguro
begins,comienza
senator,senador
nightmare,pesadilla
theater,teatro
sand,arena
reputation,reputación
accepted,aceptado
jackie,jackie
disappointed,desilusionado
slip,deslizar
emotional,emocional
pink,rosado
fellas,muchachos
j,j
terrific,fantástico
setting,entorno
maid,mucama
agency,agencia
highly,altamente
childhood,infancia
opposite,opuesto
policy,política
sara,Sara
panic,pánico
design,diseño
chat,chat
events,eventos
task,tarea
terry,Terry
stands,stands
parties,fiestas
chatter,charla
barry,Barry
previously,previamente
wings,alas
p,pag
gee,Caramba
ª,ª
minds,mentes
belt,cinturón
entirely,enteramente
guarantee,garantizar
wasting,debilitante
blowing,soplo
current,Actual
naturally,naturalmente
garbage,basura
behave,comportarse
anne,Ana
embarrassing,embarazoso
extraordinary,extraordinario
thin,delgada
custody,custodia
demon,demonio
coincidence,coincidencia
ignore,pasar por alto
solid,sólido
attempt,intentar
revolution,revolución
abandoned,abandonado
agreement,convenio
windows,Windows
empire,imperio
sally,salida
useful,útil
guts,vísceras
violent,violento
mac,Mac
disaster,desastre
cutting,corte
settled,establecido
hits,golpes
advance,avance
pushing,emprendedor
asks,solicita
andrew,Andrés
intend,pretender
perform,llevar a cabo
stays,corsé
subtitles,subtítulos
guitar,guitarra
teaching,enseñando
detail,detalle
damned,maldito
behavior,conducta
delivery,entrega
gather,recolectar
gasping,jadeo
ability,habilidad
district,distrito
counting,contando
actual,actual
cruel,cruel
deny,denegar
shoe,zapato
slave,esclavo
coward,cobarde
sobbing,sollozo
dozen,docena
hunter,cazador
doug,doug
pathetic,patético
culture,cultura
bury,enterrar
latest,último
explanation,explicación
committee,comité
hollywood,Hollywood
hurting,dolido
daily,diariamente
swing,ritmo
shy,tímido
u,u
background,antecedentes
identity,identidad
urgent,urgente
beeps,pitidos
wins,victorias
chasing,persiguiendo
swimming,natación
channel,canal
jumped,saltó
johnson,Johnson
navy,Armada
bound,atado
species,especies
blake,beque
vegas,Vegas
prisoners,prisioneros
struggle,dificil
mask,máscara
quietly,en silencio
howard,Howard
stopping,parada
fever,fiebre
molly,muchacha
assure,asegurar
mixed,mezclado
jean,vaquero
impressive,impresionante
hong,hong
unique,único
loan,préstamo
whistle,silbar
drew,dibujó
barking,ladrido
punishment,castigo
threatened,amenazado
production,producción
capital,capital
kills,matar
billion,mil millones
agents,agentes
trusted,de confianza
cheating,infiel
dollar,dólar
potential,potencial
sensitive,sensible
quarter,cuarta parte
donna,donna
duke,duque
bowl,cuenco
bullets,balas
museum,museo
june,junio
cheer,alegría
italy,Italia
kitty,gatito
germans,alemanes
dish,plato
gunshot,cañonazo
thursday,jueves
closet,armario
greg,gregón
dirt,tierra
unknown,desconocido
crown,corona
shout,grito
fella,hombre
wounded,herido
frightened,aterrado
greater,mayor que
nothin,nada
linda,linda
confess,confesar
couch,sofá
mobile,móvil
dreaming,soñador
accused,acusado
demand,demanda
express,Rápido
transfer,transferir
joint,articulación
firing,disparo
episode,episodio
basement,sótano
whispering,susurro
laws,leyes
roman,romano
aboard,a bordo
pa,Pensilvania
article,artículo
steady,estable
impressed,impresionado
betty,betty
guide,guía
sandwich,sándwich
favour,favor
flash,Flash
wallet,cartera
mighty,poderoso
sides,lado
crossed,cruzado
breaks,brote
bruce,bruce
quality,calidad
miserable,miserable
warned,prevenido
yöu,usted
kong,kong
concert,concierto
singer,cantante
rolling,laminación
tuesday,martes
lane,carril
embarrassed,avergonzado
refused,rechazado
roy,roy
sec,segundo
ghosts,fantasmas
argue,argumentar
baseball,béisbol
title,título
boots,botas
joseph,Joseph
commissioner,notario
pee,pipí
fifth,quinto
charity,caridad
drama,drama
anytime,en cualquier momento
voices,voces
online,en línea
ceremony,ceremonia
justin,Justin
package,paquete
jo,Jo
angela,Angela
jordan,Jordán
trained,entrenado
believes,cree
massive,masivo
shine,brillar
ages,siglos
comrade,camarada
abby,abby
noble,noble
pussy,coño
supply,suministrar
tone,tono
kidnapped,secuestrado
customer,cliente
sweat,sudor
approaching,que se acerca
possibility,posibilidad
los,Loss
flag,bandera
entered,ingresó
civil,civil
degrees,grados
ve,ver
nathan,Nathan
plastic,el plastico
gear,engranaje
katie,katie
nuclear,nuclear
afterwards,después
surrender,Rendición
suffered,sufrido
impression,impresión
self,ser
creatures,criaturas
bust,busto
suspicious,sospechoso
q,Q
servant,servidor
terribly,terriblemente
cheat,engañar
bars,barras
exhales,exhalos
gym,gimnasia
arrange,arreglar
assault,agresión
parker,parker
trail,sendero
costs,costo
crisis,crisis
collection,recopilación
partners,socios
diamond,diamante
adult,adulto
bible,Biblia
tricks,trucos
crimes,crímenes
league,liga
orange,naranja
jokes,bromas
imagination,imaginación
kissing,besos
neighbor,vecino
blast,explosión
suits,trajes
protecting,proteger
recall,recuerdo
considering,considerando
arranged,organizado
balance,balance
teddy,osito de peluche
golf,golf
reported,reportado
defeat,vencer
theme,temática
erm,erm
comfort,comodidad
wing,ala
sacred,sagrado
reaction,reacción
betrayed,traicionado
enjoying,disfrutando
offering,ofrecimiento
conditions,condiciones
margaret,margarita
legend,leyenda
grass,hierba
print,imprimir
messages,mensajes
virus,virus
fox,zorro
launch,lanzamiento
siren,sirena
deserves,merece
entrance,entrada
greetings,saludos
hopefully,Ojalá
religion,religión
butter,manteca
homework,tareas para el hogar
stress,estrés
insist,insistir
practically,prácticamente
cap,gorra
survived,sobrevivió
tyler,tyler
jay,arrendajo
wipe,pasar un trapo
specific,específico
everyday,cotidiano
bat,murciélago
mix,mezcla
designed,diseñado
torture,tortura
carol,villancico
deck,cubierta
messed,desordenado
decisions,decisión
rabbit,Conejo
option,opción
texas,Texas
accent,acento
tax,impuesto
beaten,vencido
rip,rotura
oliver,Oliver
dumped,arrojado
mysterious,misterioso
jewish,judío
wilson,Wilson
growling,gruñido
bud,brote
therapy,terapia
vincent,vicente
lifetime,toda la vida
selfish,egoísta
bills,facturas
stephen,Stephen
crush,Persona especial
attractive,atractivo
heavily,fuertemente
cats,gatos
champion,campeón
skull,cráneo
carlos,carlos
version,versión
painful,doloroso
mistress,amante
touching,conmovedor
catherine,Catherine
fuel,combustible
term,término
toward,hacia
lou,Lou
albert,Albert
bond,vínculo
shown,mostrado
ali,ali
attend,atender
describe,describir
ross,Ross
plain,llanura
experiment,experimento
idiots,idiotas
monk,monje
particularly,particularmente
burns,quemaduras
removed,remoto
charlotte,Charlotte
scientists,científicos
lion,león
lad,muchacho
exercise,ejercicio
purse,cartera
wasted,desperdiciado
el,El
marcus,marco
kenny,Kenny
cave,cueva
prints,huellas dactilares
standard,estándar
systems,sistemas
wore,vistió
tunnel,túnel
jeremy,Jeremy
blessed,bendecido
steel,acero
ending,finalizando
division,división
fans,aficionados
sheep,oveja
classic,clásico
realise,darse cuenta
nephew,sobrino
financial,financiero
sauce,salsa
pretending,fingido
influence,influencia
network,red
jesse,jesse
contest,concurso
walks,camina
murders,asesinatos
cabin,cabina
jungle,selva
neighbors,vecinos
vampire,vampiro
throughout,a lo largo de
drawing,dibujo
confirm,confirmar
exit,salida
spit,escupir
generation,generación
begging,mendicidad
crystal,cristal
mile,milla
batman,hombre murciélago
status,estado
edward,Eduardo
degree,grado
frankly,francamente
smiling,sonriente
buck,dólar
brand,marca
inform,informar
toy,juguete
x,X
scratch,rascar
jews,judíos
tribe,tribu
reminds,recuerda
centre,centro
generous,generoso
gross,bruto
barbara,Bárbara
script,guion
cancel,cancelar
nina,Nina
enjoyed,disfruté
surrounded,rodeado
confirmed,confirmado
nerve,nervio
seal,sello
bug,bicho
divorced,divorciado
russia,Rusia
response,respuesta
recent,reciente
surveillance,vigilancia
religious,religioso
spirits,espíritu
loaded,cargado
gain,ganar
trigger,desencadenar
clinic,clínica
filthy,sucio
ken,conocido
struck,golpeado
tina,Tina
concentrate,concentrarse
patience,paciencia
traitor,traidor
heck,infierno
teams,equipos
hail,Viva
port,Puerto
fetch,ha podido recuperar
beef,carne de vaca
routine,rutina
outfit,vestimenta
turkey,pavo
related,relacionado
stones,piedras
dramatic,dramático
confession,confesión
ease,facilitar
chloe,chloe
unhappy,infeliz
deputy,diputado
rebecca,Rebecca
principal,director de escuela
lucas,Lucas
fields,los campos
foolish,necio
cells,células
wayne,Wayne
stake,participación
link,Enlace
industry,industria
valuable,valioso
units,unidades
players,jugadores
tracks,pistas
yup,sí
landing,aterrizaje
delivered,entregado
costume,traje
vice,vicio
frankie,Frankie
pleasant,agradable
injured,lesionado
argument,argumento
distant,distante
derek,Derek
clicks,clics
proceed,Continuar
motion,movimiento
worries,preocupaciones
someplace,en algún lugar
construction,construcción
uses,usos
spain,España
aim,apuntar
cigarettes,cigarrillos
western,occidental
todd,Todd
satisfied,satisfecho
starving,morirse de hambre
seats,asientos
cleaned,limpio
sounded,sonado
russell,Russell
raped,violado
vince,vince
holly,acebo
pattern,patrón
thus,por lo tanto
nail,clavo
banks,bancos
beth,beth
skip,saltar
charged,cargado
electricity,electricidad
sophie,Sophie
lend,prestar
warrior,guerrero
fairy,hada
gentle,amable
affairs,asuntos
anniversary,aniversario
berlin,Berlina
presents,regalos
beside,al lado de
st,S t
citizens,los ciudadanos
visiting,visitando
identify,identificar
temperature,la temperatura
booth,puesto
tokyo,Tokio
pet,mascota
sport,deporte
davis,Davis
bail,fianza
ouch,Ay
miller,molinero
randy,cachondo
interrupt,interrumpir
underneath,debajo
tune,melodía
dylan,dylan
prayer,oración
conscience,conciencia
answering,respuesta
headquarters,sede
wounds,heridas
waves,ondas
forth,adelante
reckon,contar
drank,bebió
whispers,susurros
busted,Arrestado
placed,metido
awkward,extraño
coughing,tos
heroes,héroes
cock,polla
phones,Los telefonos
chip,chip
frozen,congelado
guilt,culpa
lousy,malísimo
chill,frío
mouse,ratón
dealer,distribuidor
backup,respaldo
blown,estropeado
homes,casas
cooper,cobre
pour,verter
paradise,paraíso
beings,seres
bishop,obispo
trunk,maletero
tradition,tradicion
smaller,menor
salad,ensalada
officially,oficialmente
complex,complejo
average,promedio
dennis,Dennis
cleared,despejado
basic,básico
replace,reemplazar
eva,Eva
incredibly,increíblemente
hannah,Hannah
cliff,acantilado
greek,griego
behalf,en nombre de
ian,Ian
rotten,podrido
gray,gris
jessica,Jessica
punk,punk
strip,banda
lewis,Luis
brad,puntilla
thick,grueso
underground,bajo tierra
actions,comportamiento
boxes,cajas
documents,documentos
packed,lleno
footsteps,pasos
diamonds,diamantes
pipe,tubo
downtown,centro
nancy,Nancy
reasonable,razonable
goodnight,buenas noches
machines,máquinas
recording,grabación
deaf,sordo
sample,muestra
equal,igual
nearby,cercano
digging,excavación
laundry,ropa sucia
environment,medioambiente
le,lealté
cage,jaula
wives,esposas
robot,robot
strangers,extraños
habit,hábito
holes,agujeros
wrap,envoltura
owns,posee
goods,bienes
na,n / A
vic,vic
returning,que regresa
wednesday,miércoles
belly,barriga
gifts,regalos
benefit,beneficio
twelve,doce
souls,almas
auntie,tía
sink,lavabo
intelligent,inteligente
earl,conde
cried,llorado
robbed,robado
beep,bip
motive,motivo
dropping,goteante
mistaken,equivocado
tries,intentos
circus,circo
territory,territorio
timing,sincronización
ron,ron
fifty,cincuenta
pit,foso
apology,disculpa
exam,examen
aii,aii
festival,festival
actress,Actriz
effects,efectos
ward,pabellón
boston,bostón
activity,actividad
worker,trabajador
hills,sierras
mickey,mickey
determined,determinado
landed,aterrizado
unlike,diferente a
policeman,policía
answered,contestada
favourite,favorito
angels,ángeles
bothering,molesto
shelter,abrigo
criminals,criminales
existence,existencia
w,w
figures,cifras
prevent,prevenir
atmosphere,atmósfera
virginia,Virginia
loyal,leal
product,producto
fools,tontos
meantime,mientras tanto
testing,pruebas
limit,límite
election,elección
angeles,Ángeles
hopes,esperanzas
freaking,maldito
underwear,ropa interior
michelle,Michelle
lessons,lecciones
resist,resistir
casey,Casey
pulse,legumbres
farewell,despedida
electric,eléctrico
slap,bofetada
ann,Ana
yell,gritar
clouds,nubes
doorbell,timbre de la puerta
adventure,aventura
developed,desarrollado
oscar,Oscar
passport,pasaporte
cia,CIA
hammer,martillo
hood,capucha
judgment,juicio
complain,quejarse
lawyers,abogados
heavens,Cielos
homicide,homicidio
patrol,patrulla
earned,ganado
flow,flujo
hers,suyo
cheated,engañado
appeared,apareció
traveling,de viaje
fence,valla
worrying,preocupante
jess,cadena
uncomfortable,incómodo
flew,voló
noon,mediodía
occasion,ocasión
rats,ratas
merely,meramente
flies,moscas
personality,personalidad
instructions,instrucciones
ellen,Ellen
smooth,liso
fantasy,fantasía
classes,clases
produce,producir
odds,posibilidades
hoped,esperado
li,li
plants,plantas
pope,papa
thirty,treinta
lovers,amantes
martha,Martha
august,agosto
signature,firma
marrying,casarse
wondered,maravilloso
lois,ruina
individual,individual
charm,encanto
chairman,presidente
listened,escuchado
slipped,resbalado
gus,gus
frame,marco
invented,inventado
precisely,precisamente
francisco,Francisco
sets,sets
jeez,brusco
pays,paga
foster,fomentar
relief,alivio
captured,capturado
cloud,nube
corpse,cadáver
reveal,revelar
organization,organización
jennifer,Jennifer
annoying,irritante
host,anfitrión
photograph,fotografía
transport,transporte
theatre,teatro
oxygen,oxígeno
colour,color
gambling,juego
citizen,ciudadano
beneath,bajo
liz,liz
holds,agujeros
impact,impacto
offense,ofensa
confident,seguro
hid,escondido
slightly,levemente
producer,productor
apply,solicitar
kit,equipo
knight,caballero
ad,anuncio
escort,escolta
interests,intereses
blah,paja
invitation,invitación
terrorist,terrorista
ex,ex
discover,descubrir
obey,cumplir
anthony,Antonio
clay,arcilla
claims,reclamación (es
woo,cortejar
informed,informado
somethin,algo
messing,desordenado
represent,representar
minor,menor
tragedy,tragedia
dishes,platos
bombs,bombas
gates,puertas
grey,gris
math,Matemáticas
options,opción
shed,cobertizo
pigs,cerdo
procedure,procedimiento
monitor,monitor
ethan,Ethan
authorities,autoridades
harvey,harvey
keith,Keith
punished,castigado
spin,girar
facing,frente a
clown,payaso
nate,nate
bells,campanas
necklace,collar
countries,países
mud,lodo
stanley,stanley
studied,estudió
dates,fechas
jonathan,jonathan
profile,perfil
angle,ángulo
furniture,mueble
engagement,compromiso
moron,imbécil
karl,karl
exists,existe
shark,tiburón
worthy,valioso
bo,bo
ripped,rasgado
humanity,humanidad
bottles,botellas
extreme,extremo
chop,picar
snap,siesta
dont,no
francis,Francis
accounts,cuentas
shawn,shawn
respond,responder
comin,llegar
ii,II
tastes,sabores
sales,Ventas
stubborn,testarudo
unable,incapaz
beats,ritmo
july,mes de julio
imagined,imaginado
meanwhile,Entretanto
stable,estable
technically,técnicamente
scientific,científico
granny,abuelita
iike,iike
malcolm,malcolm
succeed,triunfar
pole,polo
dancer,bailarín
footage,imágenes
studies,estudios
increase,aumento
acts,hechos
previous,anterior
pat,palmadita
stretch,estirarse
highest,el más alto
romance,romance
chips,papas fritas
bush,arbusto
jacob,jacob
daughters,hijas
mars,Marte
helicopter,helicóptero
companies,compañías
blocks,bloques
pitch,tono
wheels,ruedas
carrie,Carrie
absolute,absoluto
passes,pases
coke,Coca
cared,atendido
instance,instancia
matches,partidos
schools,escuelas
lemon,limón
shocked,conmocionado
exhausted,exhausto
caroline,carolino
headache,dolor de cabeza
matthew,Mateo
rubbish,basura
divine,divino
moaning,gemido
rita,rita
session,sesión
fascinating,fascinante
marshall,marshall
pin,alfiler
chamber,cámara
commercial,comercial
granted,otorgado
grabbed,agarrado
liver,hígado
penis,pene
sync,sincronización
attacks,ataques
thirsty,sediento
engineer,ingeniero
walker,caminante
toby,toby
supper,cena
jumping,salto
buzzing,zumbido
fifteen,quince
sneak,furtivo
liquor,espíritu
dreamed,soñado
drill,perforar
thieves,ladrones
experienced,experimentado
juan,juan
threatening,amenazante
alley,callejón
hop,brincar
serving,servicio
destruction,destrucción
junk,basura
compared,comparado
rocket,cohete
begun,comenzar
elder,mayor
opera,ópera
highway,autopista
fighter,combatiente
kicking,patada
typical,típico
cries,llantos
shell,caparazón
alpha,alfa
teachers,maestros
liberty,libertad
oi,oi
punish,castigar
surgeon,cirujano
consequences,Consecuencias
protected,protegido
fabulous,fabuloso
shared,compartido
bum,culo
academy,academia
investigate,investigar
fort,fuerte
capture,captura
ruth,piedad
dragged,arrastrado
widow,viuda
emotions,emociones
reverend,reverendo
eternal,eterno
insult,insulto
olivia,Olivia
comment,comentario
artists,artistas
arts,letras
soap,jabón
prick,pinchazo
suspects,sospechosos
scale,escala
gettin,Gettin
maya,maya
grief,pena
naughty,travieso
florida,Florida
nerves,nervios
remote,remoto
moral,moral
disturb,alterar
troubles,nubes
lightning,iluminación
knee,rodilla
sandy,arenoso
deeper,Más adentro
supplies,suministros
testify,testificar
slut,puta
yay,Hurra
album,álbum
defendant,acusado
goddess,diosa
bend,curva
creepy,Siniestro
washed,lavado
elena,Elena
miami,Miami
makeup,maquillaje
loyalty,lealtad
groups,grupos
powder,polvo
gene,gene
lads,chicas
diet,dieta
parent,padre
counts,cuenta
jam,mermelada
salary,sueldo
alibi,coartada
latin,latín
relatives,parientes
cole,col
steven,Steven
joining,unión
drives,impulsos
population,población
peaceful,pacífico
bitter,amargo
gimme,dar a luz
ambassador,embajador
locker,armario
internal,interno
praise,elogio
talkin,hablar
victoria,victoria
propose,proponer
aaron,Aaron
southern,del Sur
trauma,trauma
shore,orilla
monsters,monstruos
wealth,poder
nicely,bien
honeymoon,Luna de miel
random,aleatorio
blade,espada
indians,indios
invisible,invisible
intense,intenso
painted,pintado
brief,breve
whiskey,whisky
core,núcleo
aid,ayuda
fits,encaja
joan,Joan
louise,lúcido
driven,impulsado
screeching,chillido
sins,pecados
tent,carpa
cooked,cocido
blonde,rubio
intention,intención
abuse,abuso
guessing,adivinación
forms,formularios
poetry,poesía
active,activo
twins,mellizos
jet,chorro
serial,de serie
talented,talentoso
resistance,resistencia
ashley,ashley
tools,herramientas
beard,barba
wailing,gemidos
tits,tetas
required,requerido
investigating,investigador
strategy,estrategia
helpful,útil
goat,cabra
waters,aguas
separated,apartado
arguing,discutiendo
bitches,perras
award,premio
safely,sin peligro
corn,maíz
choices,opción
williams,Williams
pro,Pro
upper,Superior
attached,adjunto
mothers,madres
wicked,malvado
caesar,César
ye,S.M
zoe,zoe
rangers,guardabosques
net,neto
shoulders,espalda
tattoo,tatuaje
tend,tender
britain,Bretaña
stroke,carrera
novel,novela
chaos,caos
stabbed,apuñalado
burnt,quemado
socks,medias
k,k
solved,resuelto
canada,Canadá
votes,votos
colleague,colega
scientist,científico
admiral,almirante
beans,frijoles
fu,fuil
tale,cuento
string,cuerda
sends,envío
fights,peleas
dressing,vendaje
warehouse,depósito
plates,platos
tracking,seguimiento
elephant,elefante
natalie,natalie
maintain,mantener
hostage,rehén
potatoes,patatas
lazy,vago
relationships,relaciones
owen,Owen
sydney,Sydney
porn,pornografía
branch,sucursal
objection,objeción
lap,regazo
depressed,Deprimido
possession,posesión
september,septiembre
visitors,visitantes
occurred,ocurrió
monica,Mónica
von,von
nicole,nicole
recorded,grabado
tap,grifo
superior,superior
chin,barbilla
promises,promesas
soda,soda
rub,frotar
images,imágenes
commission,comisión
harold,Harold
cinema,cine
happily,felizmente
covering,cubierta
transferred,transferido
muscle,músculo
poem,poema
korea,Corea
jin,jin
appeal,apelación
shaking,sacudida
steak,filete
survival,supervivencia
craig,craig
sharing,intercambio
superman,superhombre
wendy,wendy
musical,musical
heal,sanar
raymond,raymond
pages,páginas
magnificent,magnífico
julian,Julian
philip,Filipes
profit,lucro
enormous,enorme
jersey,jersey
symbol,símbolo
raw,crudo
fond,aficionado
madness,Locura
development,desarrollo
cookies,galletas
sail,navegar
han,Han
tooth,diente
gloves,guantes
alexander,Alejandro
herr,cria
checks,cheques
review,revisión
basketball,baloncesto
management,administración
roads,carreteras
tube,tubo
feeding,alimentación
rifle,rifle
bears,osos
log,Iniciar sesión
causing,causa
admire,admirar
appropriate,adecuado
pos,pajita
toys,juguetes
russians,rusos
quarters,cuarteles
bee,abeja
squeeze,estrujar
exposed,expuesto
connect,conectar
cities,ciudades
centuries,siglos
manner,conducta
freezing,congelación
blessing,bendición
shane,shane
entry,entrada
cable,cable
pan,cacerola
native,nativo
marco,marco
cents,centavos
critical,crítico
constantly,constantemente
differently,diferentemente
waiter,mesero
global,global
buzz,zumbido
judges,jueces
brick,ladrillo
deadly,mortal
pork,Cerdo
pile,pila
expression,expresión
clan,clan
facility,instalaciones
employees,empleados
reception,recepción
catching,atrapando
ram,RAM
explained,explicado
statue,estatua
satellite,satélite
diana,Diana
polish,polaco
pound,libra
communication,comunicación
nelson,Nelson
fridge,nevera
characters,caracteres
moscow,Moscú
recommend,recomendar
leaders,líder
abandon,abandonar
foundation,Fundación
anxious,ansioso
areas,áreas
stepped,escalonado
buildings,edificios
remarkable,notable
drawn,dibujado
appearance,apariencia
levels,nivel
banging,golpe
proposal,propuesta
sammy,sammy
combat,combate
slide,diapositiva
resources,recursos
colleagues,colegas
conversations,conversaciones
delay,demora
wars,guerras
labor,labor
burden,carga
manners,modales
awfully,muy
entering,entretenimiento
actors,actores
payment,pago
creating,creación
humming,zumbador
mall,centro comercial
shortly,dentro de poco
visited,visitó
paperwork,papeleo
lamb,cordero
halfway,Medio camino
item,artículo
testimony,testimonio
hip,cadera
prom,paseo
patch,parche
assignment,asignación
motel,motel
fraud,fraude
homeless,Vagabundo
dessert,postre
injury,lesión
web,web
obsessed,obsesionado
betray,traicionar
drops,gotas
bout,combate
sack,bolsa
soil,tierra
badge,Insignia
mount,montar
washing,Lavado
sticks,palos
christine,Christine
meters,medidores
motor,motor
gloria,gloria
returns,devoluciones
description,descripción
battery,batería
ultimate,último
complaint,queja
cowboy,vaquero
unfortunate,desgraciado
proved,demostrado
kings,reyes
meetings,reuniones
privacy,privacidad
forbidden,prohibido
wisdom,sabiduría
contrary,contrario
treating,tratando
lookin,pase a ver
torn,rasgado
searched,buscado
abroad,en el extranjero
crane,grua
leak,filtración
pill,píldora
suitcase,valija
vodka,vodka
mel,Mel
norman,normando
eagle,águila
colors,colores
fires,incendios
chemical,químico
catholic,católico
eats,come
baron,barón
soccer,fútbol
ace,as
brush,cepillar
retired,jubilado
illness,enfermedad
sang,cantó
flip,voltear
tons,montones
twist,giro
october,octubre
marine,marina
chapter,capítulo
lo,holgazanería
measure,medida
chicks,chicas
mia,desaparecido en combate
racing,carreras
radar,Radar
soviet,Soviético
cuts,cortes
editor,editor
magical,mágico
temporary,temporario
affect,afectar
structure,estructura
recover,recuperar
marshal,mariscal
sonny,hijo
bid,licitación
palm,palmera
inner,interno
handed,entregó
whistling,silbido
pub,pub
fingerprints,huellas digitales
analysis,análisis
throne,trono
barn,granero
suspected,sospechoso
wears,usos
bothered,perturbado
finest,mejor
rage,furia
fleet,flota
rounds,rondas
roses,rosas
irish,irlandesa
introduced,introducido
damaged,dañado
tragic,trágico
pierre,Pierre
budget,presupuesto
booked,reservado
v,V
rocky,rocoso
humor,humor
softly,suavemente
employee,empleado
medication,medicamento
willie,Willie
lauren,Lauren
multiple,múltiple
neil,neil
booze,bebida alcohólica
sis,hermana
felix,Felix
turtle,Tortuga
nut,tuerca
coin,moneda
currently,actualmente
yards,yardas
slaves,esclavos
basis,base
nowadays,hoy en día
effective,eficaz
ivan,Iván
discussion,discusión
temper,temperamento
plot,trama
creative,creativo
casino,casino
poker,póker
quinn,quinn
farmer,agricultor
achieve,lograr
counter,encimera
bits,brocas
require,exigir
fucker,Cabron
planes,aviones
sticking,pega
logan,Logan
recognized,Reconocido
khan,kan
delighted,contento
provided,proporcionó
repair,reparar
rising,creciente
chan,chan
colin,colin
janet,Janet
advanced,avanzado
causes,causas
various,varios
engines,motores
cookie,Galleta
necessarily,necesariamente
demons,demonios
lame,aburrido
preparing,preparando
th,th
baker,panadero
massage,masaje
graham,graham
antonio,Antonio
entertainment,entretenimiento
bucket,balde
owned,propietario
whip,látigo
forgiveness,perdón
delicate,delicado
solar,solar
adrian,Adrio
pockets,bolsillos
hercules,Hércules
spider,araña
prayers,oraciones
phase,fase
passengers,pasajeros
diary,diario
blanket,manta
comedy,comedia
height,altura
dive,bucear
tennis,tenis
korean,coreano
breasts,senos
comrades,camaradas
gabriel,Gabriel
smash,aplastar
sunshine,Brillo Solar
vast,enorme
dope,droga
gently,suavemente
computers,ordenadores
permit,permiso
wade,vadear
raining,lloviendo
mason,masón
jazz,jazz
undercover,clandestino
swallow,tragar
towel,toalla
fried,frito
function,función
suggested,sugirió
whirring,zumbido
bunny,conejito
polite,educado
acted,actuado
assumed,ficticio
niece,sobrina
prosecutor,fiscal
aliens,extraterrestres
fund,fondo
leslie,Leslie
crossing,cruce
sorts,ordena
operate,funcionar
ralph,ralph
harper,cascarrabias
dutch,holandés
harris,Harris
audition,audición
senses,Sentidos
holmes,Holmes
pump,bomba
region,región
diane,diane
weakness,debilidad
tested,probado
constant,constante
amongst,entre
discovery,descubrimiento
paintings,pinturas
added,agregado
lincoln,Lincoln
clicking,clic
wrapped,envuelto
lance,lanza
needle,aguja
mi,mi
coughs,tos
executive,ejecutivo
halt,detener
petty,pequeño
praying,Orando
sealed,sellado
terrified,aterrorizado
en,interno
pops,establo
nest,nido
gravity,gravedad
interfere,interferir
kidnapping,secuestro
travis,travis
gathered,reunido
limited,limitado
backwards,hacia atrás
mario,Mario
excellency,excelencia
demands,demandas
wagon,vagón
absurd,absurdo
con,estafa
largest,más grande
carson,carson
burst,Estallar
uhh,uhh
newspapers,periódicos
kisses,besos
riley,riley
weed,hierba
sober,sobrio
intended,destinado
nails,clavos
registered,registrado
boo,abucheo
complaining,quejumbroso
eli,eli
concept,concepto
shining,brillante
vessel,buque
halloween,Víspera de Todos los Santos
avenue,avenida
suggesting,sugerencia
grows,crece
zoo,zoo
growls,gruñidos
packing,embalaje
stink,hedor
regarding,acerca de
dammit,maldito
hooked,enganchado
recovered,recuperado
leather,cuero
christina,Christina
mexican,mexicano
homer,homero
worn,gastado
liam,Liam
sheet,hoja
boot,bota
reverse,contrarrestar
permanent,permanente
assuming,asumiendo
boats,barcos
di,DI
ellie,Ellie
grandson,nieto
raising,levantamiento
shield,blindaje
drown,ahogar
conduct,conducta
luggage,equipaje
worlds,mundos
ashes,cenizas
promotion,promoción
carla,carla
australia,Australia
menu,menú
bacon,tocino
diego,diego
spoil,arruinar
giggles,risita
immunity,inmunidad
recognise,reconocer
northern,del Norte
completed,terminado
method,método
scenes,escena
warren,madriguera
parade,desfile
tire,neumático
laughed,Se rió
potato,patata
celebrating,celebrando
ancestors,ancestros
unfair,injusto
safer,más seguro
indistinctly,indistintamente
elliot,Elliot
lungs,pulmones
misunderstanding,malentendido
tag,etiqueta
radiation,radiación
independent,independiente
happier,más feliz
focused,concentrado
requires,requerimiento
admitted,aceptado
technique,técnica
republic,república
valentine,enamorado
jewelry,joyas
understands,entendimiento
nanny,niñera
yen,yen
ronnie,ronnie
poisoned,envenenado
sire,padre
cart,carro
yells,gritos
thanksgiving,acción de gracias
tissue,pañuelo de papel
shooter,tirador
operations,operaciones
jew,judío
arrival,llegada
root,raíz
galaxy,galaxia
november,noviembre
organized,organizado
corrected,corregido
shadows,oscuridad
gossip,chisme
bloke,tipo
skill,habilidad
alike,similar
amber,ámbar
buddies,amigos
conspiracy,conspiración
seth,seth
deserved,merecido
groom,acicalar
directed,dirigido
gibbs,gibbs
dana,dana
cherry,cereza
explode,explotar
hunger,hambre
spencer,spencer
scotland,Escocia
rumors,rumores
ideal,ideal
adults,adulto
belonged,pertenecido
dough,masa
terror,terror
evan,Evan
traditional,tradicional
dismissed,despedido
ford,vado
ham,jamón
holidays,Días festivos
announce,anunciar
yang,yang
priority,prioridad
inch,pulgada
tense,tiempo
mo,mes
mankind,humanidad
click,hacer clic
rumbling,rumor
forgetting,olvidado
european,europeo
pillow,almohada
bugs,insectos
scan,escanear
rehearsal,ensayo
poet,poeta
celebration,celebracion
ruby,rubí
cattle,ganado
severe,severo
drawer,cajón
denied,denegado
sore,úlcera
unconscious,inconsciente
lighter,encendedor
sheets,hojas
et,en
stations,estaciones
clothing,ropa
questioning,interrogatorio
jen,jen
lands,tierras
immediate,inmediato
ay,sí
killers,asesinos
register,Registrarse
broad,amplio
comic,cómic
lamp,lámpara
stab,puñalada
dignity,dignidad
wreck,naufragio
explains,explica
borrowed,prestado
pm,pm
foul,falta
relative,pariente
inn,Posada
coma,coma
corporal,corporal
noah,Noé
bureau,oficina
servants,servicio
basket,cesta
barney,Barney
daisy,margarita
tara,Tara
develop,desarrollar
horror,horror
closest,más cercano
spiritual,espiritual
closely,cercanamente
types,tipos
skinny,muy delgado
disturbing,perturbador
troy,troy
oath,juramento
detectives,detectives
terrorists,terroristas
christopher,Christopher
steam,vapor
shave,afeitar
kang,kang
larger,más grande
solo,solo
cemetery,cementerio
grounds,jardines
bump,bulto
singh,singh
approve,aprobar
personnel,personal
jenna,jenna
audrey,Audrey
splendid,espléndido
scum,escoria
parked,estacionado
si,si
mob,multitud
pearl,perla
vital,vital
connor,Connor
concerns,preocupaciones
brandon,brandon
faithful,fiel
limits,límites
combination,combinación
rex,rex
beam,haz
louder,más fuerte
impress,impresionar
sunny,soleado
judy,Judy
tracy,tracy
alliance,Alianza
photographs,fotografías
sings,canta
taxes,impuestos
ou,UNED
benny,benny
identified,identificado
counselor,consejero
nap,siesta
francs,francos
conflict,conflicto
arrives,llega
assistance,asistencia
retreat,retirada
produced,producido
mitch,mitch
candidate,candidato
supreme,supremo
rubber,caucho
inspired,inspirado
infected,infectado
bingo,bingo
leonard,leonard
autopsy,autopsia
kent,kent
carpet,alfombra
puppy,cachorro
oops,ups
toes,dedos de los pies
voted,votado
gut,intestino
coffin,ataúd
vietnam,Vietnam
instant,instante
ash,ceniza
scandal,escándalo
elsewhere,en otra parte
ally,aliado
arrow,flecha
debbie,Debbie
misery,miseria
cotton,algodón
sebastian,sebastián
suite,suite
lecture,conferencia
planets,planetas
economy,economía
pam,pam
stare,mirar fijamente
guardian,guardián
gig,Curro
investment,inversión
archer,arquero
egypt,Egipto
fooled,engañado
martial,marcial
humble,humilde
nora,nora
heroin,heroína
deposit,depósito
allison,Allison
continued,continuado
medal,medalla
advise,aconsejar
overnight,durante la noche
cellphone,Teléfono móvil
fairly,equitativamente
gum,goma
inches,pulgadas
shouts,gritos
stinks,apestoso
include,incluir
sighing,suspiro
lean,inclinarse
jill,Jill
deaths,fallecidos
swell,hinchar
december,diciembre
physically,físicamente
franklin,Franklin
samantha,samantha
cows,vacas
rusty,oxidado
commitment,compromiso
masters,maestría
lana,lana
dale,valle
lit,iluminado
threaten,amenazar
gina,Gina
hut,cabaña
practical,práctico
samples,muestras
reporting,informes
fathers,Padres
drowned,ahogue
mitchell,Mitchell
elements,elementos
honking,bocina
rear,trasero
photographer,fotógrafo
excitement,excitación
ranch,rancho
fee,tarifa
sixth,sexto
bonnie,bonnie
tool,herramienta
objects,objetos
chanting,canto
heather,brezo
profession,profesión
document,documento
journalist,el periodista
injuries,lesiones
yu,Yu
bait,carnada
adorable,adorable
unexpected,inesperado
alicia,Alicia
breast,seno
rely,confiar
megan,Megan
vulnerable,vulnerable
insisted,insistido
idol,ídolo
specifically,específicamente
sorrow,pena
hopeless,desesperanzado
jules,jules
pale,pálido
roommate,compañero de habitación
toss,sacudida
cursed,maldito
luckily,afortunadamente
struggling,luchando
counsel,consejo
teenage,Adolescente
laying,colocación
react,reaccionar
cannon,cañón
dated,con fecha de
penalty,multa
sarge,sargento
spotted,manchado
announcement,anuncio
cocaine,cocaína
crashed,se estrelló
embrace,abrazar
spike,espiga
determine,determinar
satan,Satán
allen,Allen
silk,seda
israel,Israel
anonymous,anónimo
floating,flotante
dunno,No sé
hon,honor
relieved,aliviado
operating,operando
walt,valla
communicate,comunicar
eastern,oriental
theft,robo
visitor,visitante
marked,marcado
acid,ácido
located,situado
planted,plantado
andrea,Andrea
purple,púrpura
excuses,excusas
pierce,atravesar
sid,sid
apologies,disculpas
fuss,escándalo
fooling,engañado
bargain,negociar
feast,banquete
boarding,embarque
collar,cuello
attracted,atraído
revealed,reveló
symptoms,síntomas
existed,existió
rosa,Rosa
envy,envidiar
crashing,chocando
flame,fuego
visual,visual
fame,fama
stuart,stuart
del,dele
clara,Clara
handled,manejado
perfume,perfume
protest,protesta
psycho,psicópata
emotion,emoción
duncan,duncan
believing,creyente
ahem,Ejem
leon,León
display,mostrar
un,Naciones Unidas
content,contenido
melissa,toronjil
donald,Donald
pepper,pimienta
skirt,falda
harsh,duro
remaining,restante
cruise,crucero
requested,solicitado
oldest,más antiguo
posted,al corriente
embassy,embajada
crushed,aplastada
scar,cicatriz
compare,comparar
rhythm,ritmo
dining,comida
efforts,esfuerzos
heels,tacones
dug,excavado
adopted,adoptado
ninja,ninja
myth,mito
honored,honrado
wished,desestimado
shove,empujón
formed,formado
defeated,derrotado
tables,mesas
dedicated,dedicado
certificate,certificado
defence,defensa
copies,copias
trevor,trevor
drum,tambor
infection,infección
aggressive,agresivo
kurt,kurt
scotch,escocés
clubs,clubs
relations,relaciones
communist,comunista
fears,miedos
darn,maldito
iraq,Irak
candles,velas
frog,rana
chess,ajedrez
arse,culo
belief,creencia
cabinet,gabinete
stuffed,relleno
described,descrito
mere,mero
whimpering,gemido
rumor,rumor
eleven,once
ms,milisegundo
lung,pulmón
rap,rap
watson,Watson
primary,primario
error,error
debate,debate
filming,rodaje
arrangements,preparativos
sum,suma
sweep,barrer
era,era
vault,bóveda
liquid,líquido
romeo,Romeo
forbid,prohibir
positions,posición
assigned,asignado
aircraft,aeronave
smarter,más inteligente
realised,se dio cuenta
gunfire,tiroteo
dull,aburrido
chap,cap
fry,freír
brazil,Brasil
tapes,cinta adhesiva
islands,islas
sirens,sirenas
vanessa,Vanessa
cargo,carga
fist,puño
persons,persona
psychic,psíquico
sucker,ventosa
discussed,discutido
denise,Denise
oven,horno
hatred,odio
bench,mesa de trabajo
worthless,sin valor
loses,perder
envelope,sobre
kindness,amabilidad
helmet,casco
twin,mellizo
warriors,guerreros
anderson,Anderson
sailor,marinero
ladder,escalera
shitty,de mierda
replaced,sustituido
duties,deberes
barrel,barril
turtles,tortugas
wolves,Lobos
african,africano
kung,kung
connie,Connie
surprises,sorpresas
roaring,rugido
im,estoy
folk,gente
banana,plátano
alternative,alternativa
designer,diseñador
dial,marcar
ton,tonelada
bleed,sangrar
screwing,atornillado
curtis,Curtis
tension,tensión
climbing,escalada
raid,Redada
chirping,chirrido
narrow,angostas
veronica,verónica
couples,parejas
january,enero
scout,explorar
attacking,agresor
deer,ciervo
dorothy,Dorothy
grip,agarre
cameron,Cameron
strikes,huelgas
tin,estaño
surprising,sorprendente
arriving,que llega
paranoid,paranoico
executed,ejecutado
tender,tierno
upside,al revés
warden,guardián
significant,significativo
quote,cotizar
corporate,corporativo
gunshots,balazos
subway,subterraneo
keen,entusiasta
storage,almacenamiento
cunt,coño
vain,vano
neat,ordenado
trailer,remolque
accidentally,accidentalmente
activities,actividades
mick,mick
twisted,retorcido
operator,operador
enterprise,empresa
cycle,ciclo
hector,Héctor
importance,importancia
signing,firma
risks,riesgos
improve,mejorar
goose,ganso
bass,bajo
volunteer,voluntario
dresses,vestidos
murphy,Murphy
cooperate,cooperar
models,modelos
wiped,limpiado
pacific,Pacífico
observe,observar
ties,corbatas
residence,residencia
lip,labio
asses,culo
kindly,amablemente
benjamin,Benjamín
gallery,galería
spots,lugares
suspended,suspendido
bernard,Bernardo
helpless,indefenso
electronic,electrónico
motorcycle,motocicleta
doubts,dudas
worship,Adoración
geez,geez
graduate,graduado
sits,stits
flames,llamas
congress,congreso
execution,ejecución
sandra,sandra
affected,afectado
handling,manejo
tanks,tanques
finn,finlandés
filed,archivado
bare,desnudo
ritual,ritual
assholes,gilipollas
whale,ballena
depend,depender
application,solicitud
blank,blanco
controlled,revisado
nigger,negro
claimed,reclamado
faint,débil
allah,Alá
association,asociación
glorious,glorioso
mikey,mikey
tub,tina
pistol,pistola
wee,pequeñito
pedro,pedo
destroying,destructor
threats,amenazas
practicing,practicando
democracy,la democracia
campus,instalaciones
conclusion,conclusión
filling,relleno
rascal,bribón
candle,vela
sucked,chupado
retire,jubilarse
attempted,intentó
genuine,auténtico
rosie,Rosie
principle,principio
butcher,carnicero
items,elementos
sweater,suéter
rank,rango
mademoiselle,señorita
strictly,estrictamente
compete,competir
bold,atrevido
picnic,picnic
recovery,recuperación
gathering,reunión
disturbed,perturbado
risky,arriesgado
formal,formal
somewhat,un poco
crawl,gatear
villa,villa
meets,Satisface
fixing,fijación
switched,cambiado
brakes,frenos
slight,leve
brandy,brandy
appetite,apetito
lesbian,lesbiana
shepherd,pastor
wandering,errante
giggling,risita
established,establecido
generations,generaciones
published,publicado